{"nodes":{"node:255":{"location":{"x":200,"y":100}}},"selection":null,"view":{"scroll":{"x":277.48211669921875,"y":97.7397918701171875},"zoom":1.25}}